poi_type,Cut_off,Effect_size,Effect_size_abs,Effect_size_abs_std,Effect_size_std,Effect_var,Effect_size_percentage,iteration
Restaurant,0.49667224073779453,-0.018077607101361814,0.03222429939819129,0.06490404817898869,0.07017222430002878,0.4975253981821329,-2342.755499899826,1
Store,0.49667224073783156,-0.003868924069929449,0.034212057893075506,0.085870491931135,0.09235387223238337,0.49752539818216707,-501.39064825892996,1
Education,0.49667224073819616,-0.015319159924023223,0.04512387751336988,0.1308660709229764,0.1375769463968484,0.4975253981825206,-1985.276367863246,1
Public Transportation,0.49667224073786814,0.0007716386580731449,0.017428406843512607,0.0650629307407235,0.06735234884884526,0.49752539818220776,100.0,1
Restaurant,0.4681569504859571,-0.014283300491265418,0.02599982167057437,0.057160376118692825,0.061149706884075214,0.4758381053902321,-903.0492957918444,10
Store,0.46842895039516924,-0.0012671006096804723,0.02945146727175181,0.08187089577270891,0.08699785603754717,0.4758163595830609,-80.11133799006093,10
Education,0.4737108464421495,-0.01057152002732611,0.03890602250539784,0.12119721908972386,0.12684907357401112,0.47619689303649065,-668.3751925519035,10
Public Transportation,0.46792452834982856,0.0015816745063447525,0.014587347309421734,0.05765528481378293,0.05945099556979766,0.47588003083191716,100.0,10
Restaurant,0.44116529048696995,-0.011424209625558129,0.02087794600461744,0.050367592651595204,0.05331294827075364,0.45442758947548395,-667.1709177896144,20
Store,0.4418957882490716,0.0010450878699233568,0.02454564670479872,0.07598829915460946,0.07984746816218631,0.45432873407374785,61.032864084327834,20
Education,0.4810687738152637,-0.005899408688707718,0.03891510275243026,0.11495294244120674,0.12121782531974082,0.4562155377314476,-344.5239573034239,20
Public Transportation,0.4395227275366321,0.0017123362726012346,0.011632945234410394,0.05174978040651144,0.053013518006622434,0.4547846813259752,100.0,20
Restaurant,0.4201118807475706,-0.009613310198581599,0.017752636894416897,0.04601204048302916,0.04837197797426495,0.43678818487235954,-697.2277942564102,30
Store,0.42037682461186493,0.0013787904437794457,0.02110580250512293,0.07052903823448464,0.07360637927910048,0.436728984719296,100.0,30
Education,0.49406739984185116,-0.0049268601335115654,0.03856107127341798,0.11052395000177342,0.11695394730821593,0.44056662912925204,-357.3320482267338,30
Public Transportation,0.4197947424215218,0.0013261643522239006,0.010034886850881587,0.047824483540553936,0.048847942312257135,0.4379791145827409,96.18316969101627,30
Restaurant,0.40406343944523865,-0.008114502895299414,0.015668153305175823,0.04338230167315576,0.045405616053714785,0.42262162433251804,-513.5420276942733,40
Store,0.40240944449318095,0.001580104929626172,0.018153245533620674,0.06604129394078324,0.06847259376705561,0.4228422130520022,100.0,40
Education,0.5060090502600115,-0.003293164159245697,0.03900573914077942,0.11113185593296084,0.11773229021319151,0.4286107972340418,-208.41427031208667,40
Public Transportation,0.40656203728105955,0.0015114431148899766,0.008961896022872185,0.04460543521049917,0.045471705162147415,0.42506746656114935,95.65460410578937,40
Restaurant,0.3917195169245834,-0.007545134233268794,0.01446635382242743,0.04191454799702967,0.04369411489105735,0.4111570666368498,-562.4505789701848,50
Store,0.38735417857884136,0.0013414750584990966,0.016303562778574164,0.0609429961611376,0.06307182718963171,0.411961002852998,100.0,50
Education,0.5142168381922351,-0.003905013389600205,0.0389409367982371,0.1104169370340029,0.11701729535894385,0.4195784347921582,-291.09847140723673,50
Public Transportation,0.3961350406735056,0.0011370556964402482,0.008259239039309254,0.042900389608267794,0.043673396506257844,0.4152035671589128,84.76159800633476,50
Restaurant,0.3816079685819524,-0.007119912644427866,0.013556878676063885,0.04106859462209684,0.04265823798057479,0.4016415746740646,-358.2458020904551,60
Store,0.3761265938652865,0.00198743784376017,0.014306533907791796,0.05595051777947435,0.05771643997218871,0.40331246717701785,100.0,60
Education,0.5180890609870754,-0.0054773621978376425,0.03818133542457233,0.10736745648744328,0.11382259701280949,0.41277741249234046,-275.599169807225,60
Public Transportation,0.38827300791148756,0.0008007210907239458,0.007954621789463824,0.04175620623506545,0.042499595441528634,0.4075750270089478,40.28911360613958,60
Restaurant,0.3732171359310428,-0.006806762782275539,0.012823339288094353,0.040885865960216615,0.04230555573728127,0.3934979627347027,-367.71700802650406,70
Store,0.3685102672610924,0.001851087285520643,0.013373853925469593,0.05389105907819134,0.055494861863512115,0.39616731413554734,100.0,70
Education,0.5234254790101118,-0.0067350809205198045,0.0379537442371382,0.10687102900338472,0.11321016838983348,0.4077547641443643,-363.8445887021191,70
Public Transportation,0.38210278948705634,0.0005512953370334837,0.007704506202952903,0.04088399151821387,0.04159995494882282,0.4014979574722497,29.782244270476127,70
Restaurant,0.3661740824794551,-0.0066560127294909436,0.012011364861073006,0.04009551071356232,0.04132336336447053,0.38634636225063823,-378.60349728266584,80
Store,0.36313816918532327,0.0017580431182656394,0.012793714290470921,0.05270158077340167,0.05420373627118244,0.3900043664901787,100.0,80
Education,0.5363805165941176,-0.007847456317319104,0.03769527747340177,0.10624584769428323,0.11246124454860593,0.4041664869866741,-446.37450787104973,80
Public Transportation,0.37751892824902433,0.00042892801479553,0.007577963557806894,0.040406894976608765,0.04110910743487705,0.3964987208477996,24.39803724601931,80
Restaurant,0.36030594248026143,-0.006414687625428994,0.01142166242462242,0.03944744573800075,0.04056361831078082,0.37994605278001714,-389.2457046543279,90
Store,0.3587893847522843,0.0016479790396468467,0.012270389669746109,0.051400665321781246,0.05281926753803068,0.3845188679678387,100.0,90
Education,0.542202457258317,-0.008077779218985715,0.03913042947963323,0.10639339998685658,0.11307296562358807,0.40158338544367744,-490.1627402200905,90
Public Transportation,0.37361437209023524,0.00034109098443920534,0.007499004667527876,0.04007136982156315,0.04076559097229453,0.3922837939452418,20.697531718140016,90
Restaurant,0.3553992170651915,-0.00614760539952495,0.010904785582798735,0.03880705221908867,0.039838531579284166,0.37413011037937177,-388.6622856360947,100
Store,0.3548877012649047,0.0015817344843386644,0.01180995805220152,0.050152163905089746,0.05149963853833151,0.37952992895647036,100.0,100
Education,0.544373293635744,-0.008609497336462777,0.04005178068979251,0.10701092806773423,0.11393577321436171,0.4000217428450701,-544.3073677477845,100
Public Transportation,0.37000483908210635,0.0002723798223537779,0.007449390139378425,0.03990806003525458,0.04059645893989433,0.38868795967604386,17.220325222134996,100
Restaurant,0.3511505380722092,-0.005464269919137661,0.010241055823950905,0.03783442582659288,0.03881320337550155,0.3687765735780872,-421.2974652748164,110
Store,0.3513805236143205,0.0012970099204307494,0.011166685598231925,0.047972402868772426,0.04923783168986902,0.37492713956678114,100.0,110
Education,0.5481179443150638,-0.009099049162945188,0.041070879683700295,0.10785586096621326,0.11505177620135386,0.39950818377463376,-701.5404446500538,110
Public Transportation,0.36657059443875617,0.0001916141693338814,0.007412672560340002,0.0397426170006547,0.040427547595144275,0.3856146769121845,14.773531513948981,110
Restaurant,0.3472549239019089,-0.005258947098081545,0.00986874725204771,0.03738463925269841,0.03830596428493581,0.36380815401783395,-306.07207802924637,120
Store,0.3481407035757428,0.0017182054410004143,0.01050714172502569,0.045751717610441854,0.04691127222318648,0.37064292122228576,100.0,120
Education,0.5556414646352235,-0.006646710126581491,0.04516763690357484,0.1133009969039294,0.12179102006047322,0.39981016348982934,-386.84024436050476,120
Public Transportation,0.36494384027875554,0.00013804806394695127,0.007446623103228421,0.03959535143114565,0.04028926647792814,0.3829771352824275,8.034432941067491,120
Restaurant,0.3437267340937055,-0.005045060963749765,0.009553220163748535,0.036954587544584874,0.037834546593814064,0.35918141541883175,-289.06662621943116,130
Store,0.34503249558958365,0.0017452934742871518,0.010232089721206494,0.04501387553225915,0.04612915131654981,0.3666206514566579,100.0,130
Education,0.5674848357217989,-0.006274951281724945,0.04741871140346563,0.11472407422383826,0.1239789191116534,0.4005887563124266,-359.5355952549979,130
Public Transportation,0.36480970250945893,0.00010639381962899693,0.00754159020642754,0.039472065737238854,0.04018592087736368,0.3806599283943126,6.096041794486881,130
Restaurant,0.34050838220284074,-0.004836742055889347,0.009277478788000568,0.036541079826085156,0.03738887607033567,0.35485867434838414,-275.6797636674965,140
Store,0.3421441084686196,0.0017544784541106359,0.009977349306503989,0.04430578795806253,0.045381407548938546,0.362825446467235,100.0,140
Education,0.5737793842780411,-0.006179078768997977,0.05023001242146515,0.11766891081676838,0.12779219736052608,0.4015571297111619,-352.18892284033313,140
Public Transportation,0.3652091448087766,8.421699543069281e-05,0.007642061174712751,0.039387012030754835,0.04012144966481843,0.37857721143102574,4.800115683004116,140
Restaurant,0.3375227703993331,-0.0046334106994720976,0.009030891046880329,0.03615465403990313,0.03697631008004618,0.35080128064143346,-257.51653460919493,150
Store,0.3393311807793051,0.0017992672612279926,0.009744233294449676,0.04355680352676292,0.04459717315355719,0.35922438844285964,100.0,150
Education,0.5770580984087503,-0.006327381901582833,0.052629281168453806,0.12108559228225502,0.13187693556086363,0.40280904827980135,-351.6643712654684,150
Public Transportation,0.3657338840943561,6.697284314726423e-05,0.007736103423828542,0.03933426167306123,0.04008774067202224,0.3766718428888975,3.7222287422467484,150
Restaurant,0.3347784856393962,-0.004424191736471411,0.008806809178911721,0.03580120773673038,0.03660208861255359,0.34697656433218443,-237.50290759129547,160
Store,0.3365132045617096,0.001862794768005425,0.009503108702803789,0.04280472542629621,0.043807346295914866,0.3557937423155703,100.0,160
Education,0.5796776380151143,-0.0064940317984675654,0.05481624432921291,0.12469441320351861,0.13605640329484792,0.4044790001960272,-348.6176743679072,160
Public Transportation,0.3661788576260396,5.3411599018153264e-05,0.00781707649157396,0.039311220344674845,0.040080866720466346,0.37490519138076533,2.867283070337554,160
Restaurant,0.3322423627330934,-0.004213977269079386,0.008612044087348164,0.035491396240313944,0.0362773883572823,0.3433571984125015,-216.2963327780334,170
Store,0.33393426496169704,0.0019482425868975939,0.009238697934251148,0.042065054584426886,0.043023559912375324,0.3525219188811832,100.0,170
Education,0.5824110170640439,-0.00663990912118192,0.05695149660846651,0.128377592587146,0.1402861035572585,0.40654143542295584,-340.81531559965515,170
Public Transportation,0.36647440179134716,4.135720276769184e-05,0.007882981090519051,0.03930758999548933,0.040090227134661545,0.37325263589833363,2.1227953359519556,170
Restaurant,0.32989139846694443,-0.004052190128011948,0.008400639486665883,0.03508462008547474,0.035848027358468,0.3399202316492442,-200.7161378298991,180
Store,0.3318526967355916,0.0020188661319530056,0.009014501461029101,0.04138945010551752,0.04231160592756168,0.34939596081861446,100.0,180
Education,0.5849369817760388,-0.006795822759505488,0.058912047501267564,0.13185403440079516,0.1442564817315987,0.40888185740487043,-336.61581874828727,180
Public Transportation,0.366628467573575,3.1150701409510075e-05,0.007934831549087135,0.03932092770936482,0.04011353807969679,0.3716987581034785,1.5429800379768412,180
Restaurant,0.32773821981739454,-0.003940569598081445,0.008184177944414487,0.034624278033736994,0.035359486834879814,0.3366474730744643,-192.77698572500483,190
Store,0.33026886045933446,0.0020441079018128456,0.00881304057592738,0.040862369042828035,0.04175194020486904,0.34639671034825026,100.0,190
Education,0.586785576650467,-0.006982698985630651,0.06084538455660864,0.13491414675742325,0.14783514376494244,0.4114142650972745,-341.6012911763585,190
Public Transportation,0.3666698128830542,2.3178734194169772e-05,0.008002899741464137,0.03934350657966883,0.04014918899557812,0.3702306857885647,1.1339290931566472,190
Restaurant,0.32573493772453405,-0.0038537763946467217,0.00801943018538614,0.03436676121687066,0.0350789672672351,0.3335236614824417,-189.51316354546594,200
Store,0.3289106162845949,0.0020335138322579716,0.008607593309623789,0.04031057676762155,0.04116913994020529,0.34350351095799625,100.0,200
Education,0.5882706055138605,-0.007195701373491993,0.06226380928142588,0.13782090719005,0.1510615976569349,0.4140934057336059,-353.85554105142404,200
Public Transportation,0.366624431148426,1.7260609482021568e-05,0.008069150614867142,0.03937774053147903,0.04019598665390933,0.3688381489296237,0.8488070849685712,200
Restaurant,0.3238056428866527,-0.0037690606829738783,0.00788434437787337,0.03411094342732737,0.03480680291752307,0.33053568878635,-190.03371417129938,210
Store,0.327327799834616,0.0019833642148236854,0.00832705907402375,0.03959040490540944,0.040407998463025924,0.3407054147226853,100.0,210
Education,0.5901327599585272,-0.007405302138279908,0.0639284434699821,0.14066735150298199,0.1543350613554774,0.41686038944441123,-373.37076483142135,210
Public Transportation,0.36651018600533386,1.3080755738182004e-05,0.008126635847615913,0.039424170156547825,0.0402530400296179,0.36751367211674885,0.6595236336531786,210
Restaurant,0.3219245483857587,-0.0036813067610272105,0.007750744048118746,0.03385697245709718,0.03453717703853777,0.3276724170300627,-184.82319434180982,220
Store,0.3257951881038107,0.0019917991213911418,0.008090889637988572,0.038899299250054295,0.0396818688261958,0.33800054365811755,100.0,220
Education,0.591927935978618,-0.007615221163469468,0.06554493119564299,0.14341409026546242,0.15749840538476323,0.41962752117383817,-382.328774106032,220
Public Transportation,0.3663431391554156,1.070909127631227e-05,0.008176621174369564,0.03948187103324285,0.04031966219389906,0.36625133053370323,0.5376592027429287,220
Restaurant,0.32010155037177634,-0.0035954476408040894,0.007621565368741746,0.03361195767878112,0.03427717482425313,0.3249248138150271,-176.81242694630862,230
Store,0.32446897905707456,0.002033481301569314,0.00792396126467588,0.038405659809363675,0.0391618286257527,0.3353840355918977,100.0,230
Education,0.5933144884405479,-0.007821914439822712,0.06689661341762736,0.14598095545786746,0.1603883221984551,0.42235028623803783,-384.65632478578715,230
Public Transportation,0.36613638177821883,9.975992859605834e-06,0.00822023956412455,0.03955008289969199,0.0403953128016565,0.3650453430212726,0.4905868990241998,230
Restaurant,0.3183592573620855,-0.0035138751908319905,0.007497727765769403,0.03337505440314446,0.03402591452416374,0.32228524495021954,-169.9769091276343,240
Store,0.32326606971584615,0.002067266200371634,0.0077704003082613654,0.03805928697768027,0.03878936525204881,0.3328479171738976,100.0,240
Education,0.5947246082127575,-0.008022109031063929,0.06817571145471575,0.1483662300672863,0.16308314328412152,0.42501540867976834,-388.0539927379351,240
Public Transportation,0.36590074718224797,1.0523306643128982e-05,0.008258733817172906,0.039627658839733126,0.0404791047163992,0.3638897247531576,0.5090445846421326,240
Restaurant,0.3166930054402592,-0.003435483672014418,0.007378119210576023,0.033143903322726966,0.03378094762571152,0.31974659047101,-165.82174554719302,250
Store,0.322182004397218,0.002071793214260114,0.00761595006422011,0.03774584221523195,0.038450734359635134,0.3303853135511972,100.0,250
Education,0.5961612058376689,-0.008216584474718226,0.06939909672515128,0.15056248524096372,0.16558316438506707,0.4276050552486076,-396.59288476106724,250
Public Transportation,0.36564657766308184,1.2473932285964608e-05,0.008292870460429118,0.03971418709171119,0.04057078014076031,0.3627792046844358,0.602083846983703,250
Restaurant,0.31504239202528833,-0.0033607879049512984,0.0072625003094447796,0.03291874656629685,0.03354240436967361,0.3173024103082054,-174.96130358726074,260
Store,0.32116640947801706,0.0019208749798066797,0.007409881622703063,0.03770702394999599,0.038380154248517505,0.3279910482474061,100.0,260
Education,0.5986878783281656,-0.008441592830057349,0.07076529454168627,0.15272502215651995,0.16811126914865834,0.4300907808528078,-439.46602037093146,260
Public Transportation,0.3653798998487194,1.6084966690454546e-05,0.00832263522038051,0.039808928462077876,0.04066960515648263,0.3617094011255324,0.8373770734456318,260
Restaurant,0.3134471711650193,-0.0032902663446515595,0.007150216162673336,0.03269960984094633,0.033310121919685645,0.3149470703865102,-168.12619232588818,270
Store,0.32023737605802755,0.0019570218650249668,0.007311288450452129,0.037460921674878675,0.038117524276334164,0.32566195145455057,100.0,270
Education,0.600912123516722,-0.008661726388281702,0.07189691404344227,0.1546254051462854,0.17030313168464514,0.43240479811918886,-442.59732316129225,270
Public Transportation,0.36508513218688,2.099922525517376e-05,0.008346896819087268,0.039908252411297966,0.040771789954144745,0.3606767031492544,1.073019450138124,270
Restaurant,0.31190580098791937,-0.003226784126994601,0.007039347398187782,0.03248895216240849,0.0330858321431004,0.3126753267733009,-162.15149991217615,280
Store,0.31935358801997704,0.0019899810539787044,0.007214175509673737,0.03724138297472459,0.0378814586514206,0.32339338311541577,100.0,280
Education,0.6022090021730848,-0.008836893962372491,0.07278258480806472,0.1562320158378356,0.17212686231147836,0.4345594598161301,-444.0692510466011,280
Public Transportation,0.36475014940987943,2.6764858339289205e-05,0.008365607089718978,0.04001182202032215,0.040876993125814075,0.3596782084103147,1.3449805607835514,280
Restaurant,0.3104306439710976,-0.0031663879481075223,0.006934394845270582,0.032282227912049405,0.03286642752411184,0.3104822428003055,-205.83360824420302,290
Store,0.3183907942858189,0.001538324074050574,0.006650692939932637,0.034100159348383105,0.03470858889683627,0.32118086423303127,100.0,290
Education,0.6032848985614554,-0.008988917452663734,0.07356073722080964,0.15765188175193773,0.17373686207430236,0.4366114138772446,-584.3318455645656,290
Public Transportation,0.36437697881006154,3.253995178926764e-05,0.008379426962720187,0.040120009589807736,0.040985715888115996,0.358712268255612,2.1152858710444815,290
Restaurant,0.3090333134715097,-0.0031048882429045156,0.006833778390822598,0.032086319175791446,0.03265872126009695,0.3083628873157485,-202.37157306640162,300
Store,0.3174267776276244,0.0015342511776027694,0.006559654123035736,0.033817556135153644,0.03441369260181406,0.3190226644758352,100.0,300
Education,0.6033994182417663,-0.009131023480361194,0.07410961043610005,0.15886367617233338,0.17506149312792807,0.4386081904757564,-595.1452808808136,300
Public Transportation,0.36402545193730895,3.820234634256973e-05,0.008390852022542979,0.04023170612660799,0.04109738575752348,0.3577775359632881,2.4899668907055994,300
Restaurant,0.30770533467882777,-0.003046064742361532,0.0067356575575209425,0.0318888040727551,0.032449751886695424,0.30631231347211607,-198.62208192150558,310
Store,0.3165050272067245,0.0015335982348454694,0.0065182724658993585,0.0335623902136088,0.034155087311326326,0.31691730943976837,100.0,310
Education,0.6037967367224709,-0.00928559843100982,0.07465873201012486,0.15997754260205832,0.17629667627079942,0.4405977055435079,-605.4779028840933,310
Public Transportation,0.36367067375118317,4.304537871756971e-05,0.00840024984254732,0.04034838267660026,0.04121352119304978,0.3568719817931047,2.806822395821752,310
Restaurant,0.30641238589242636,-0.0029914171885056153,0.006639790622763201,0.031693365615441914,0.032242947550627614,0.30432585763316783,-192.64342897928648,320
Store,0.31564977402465577,0.001552825966790313,0.006470103704588855,0.03325637215379249,0.033844309156733296,0.3148642211949092,100.0,320
Education,0.6045329131203233,-0.009441956016594264,0.07519365084604002,0.16102911035780632,0.177469177540111,0.44255857098226964,-608.0498535267775,320
Public Transportation,0.363225795204696,4.2845094178544575e-05,0.008399449501779052,0.04046153578734571,0.0413241429977864,0.3559941336197574,2.7591690952402903,320
Restaurant,0.30516203228209454,-0.0029373220119341924,0.006552894934532271,0.03150648819844854,0.032046394025228526,0.3023998006914248,-187.2932182472506,330
Store,0.3148995294378849,0.001568301318874535,0.006423756760393113,0.03296391699667038,0.03354735318401866,0.3128620670831221,100.0,330
Education,0.6053963419673509,-0.009584447486139498,0.0756910881227804,0.16201015084614537,0.178562504924149,0.4444534275949767,-611.135587963263,330
Public Transportation,0.3628786747401143,4.209781137344721e-05,0.008397770921040198,0.04056867221114708,0.04142870923878806,0.35514258590882297,2.6842935644317376,330
Restaurant,0.3039632645937111,-0.0028809705964955184,0.00646975427189909,0.031313883942065496,0.03184520460443035,0.3005310486575655,-182.00928623565434,340
Store,0.314227469050203,0.0015828701139816658,0.00637811386372546,0.03268129336500925,0.03326021338883303,0.31090831218854426,100.0,340
Education,0.606850877740282,-0.009762839866805683,0.07627132876533087,0.1629388781335595,0.17964153349597983,0.44624875433064204,-616.7808577955605,340
Public Transportation,0.36259960590462453,4.319446407742916e-05,0.008396613472543593,0.04067515620525414,0.041532753151788504,0.35431441828137505,2.728869772439805,340
Restaurant,0.30281692673744787,-0.002826019530606757,0.006391377711361847,0.031112199554881658,0.0316359334271126,0.29871675289235894,-177.0788329098583,350
Store,0.3136140354985146,0.0015959104112942383,0.006333433650039647,0.03240694966162979,0.0329814468774489,0.3090005707664193,100.0,350
Education,0.6081706810200896,-0.009916899784239656,0.07684242539910642,0.16368724706512885,0.18055450227465145,0.44790565806919186,-621.3945165128241,350
Public Transportation,0.36233211975204127,4.43853821247344e-05,0.008393631293189296,0.04077865450272658,0.04163351701786198,0.3535071707179324,2.7811950978337876,350
Restaurant,0.30170557399314246,-0.0027715932149480382,0.006316040515870544,0.030898766201415895,0.03141567111520512,0.29695445739896575,-172.32913927119742,360
Store,0.3130467428281577,0.0016083137342120261,0.00628864336160226,0.032139080283617956,0.03270903306028183,0.3071356920770565,100.0,360
Education,0.6086685143426691,-0.010020440458832243,0.07722190561506775,0.1642695450526794,0.18123823247771892,0.44943946307380234,-623.0401597448048,360
Public Transportation,0.36205944675429913,4.538407206696955e-05,0.0083885249506325,0.04087889664118613,0.04173067794481856,0.35271918512536204,2.8218419765721223,360
Restaurant,0.3006316523151931,-0.002717536646636566,0.006240670845585001,0.030673953560445978,0.03118416896769126,0.2952419333672805,-167.8065661354882,370
Store,0.3125064471493697,0.0016194459544821432,0.006243906092111292,0.03187498375747617,0.03244038143467159,0.305310234752234,100.0,370
Education,0.6089285520829527,-0.010119437835595215,0.07750799401884739,0.16474281165892876,0.18178360791888382,0.4509139507347086,-624.8703643111787,370
Public Transportation,0.36181146295456024,4.6487272317207e-05,0.00838477448276144,0.04097636658970634,0.041825409752377585,0.3519490639433194,2.870566454443515,370
Restaurant,0.299599271181161,-0.002662631738759979,0.006165357525614174,0.030436616790701528,0.030940421252891977,0.2935767231157291,-163.4185316702732,380
Store,0.31198623326987635,0.0016293328005983591,0.006199123541628285,0.031613974911626756,0.0321748009632108,0.3035224222039504,100.0,380
Education,0.6095139628678686,-0.010227759308055964,0.07780619668816594,0.16516990918496943,0.1822917883032176,0.4523587838061272,-627.7268403545245,380
Public Transportation,0.3615956107024607,4.786374718216151e-05,0.008383022664598068,0.0410708653716749,0.0419176425915761,0.35119567217655445,2.9376286517146126,380
Restaurant,0.29860026478876045,-0.0026079738169911774,0.0060891415364689285,0.030178023434695778,0.030675547519907236,0.2919563792985291,-159.21245297140462,390
Store,0.3114904953414857,0.0016380463765981817,0.006158782432599545,0.0313560457589214,0.0319131479292749,0.3017718141164641,100.0,390
Education,0.6101552169199586,-0.010331295198430634,0.07808130031194314,0.165551334867297,0.18274900348365966,0.4537588874958491,-630.7083453819046,390
Public Transportation,0.361410219568968,4.978740518324497e-05,0.008380462515759442,0.04116249194297329,0.04200690914775421,0.35045870538947277,3.039438070528939,390
Restaurant,0.2975811306670794,-0.0025523394012443535,0.006010418376072336,0.029890674428766216,0.03038195369693631,0.29037891447475406,-155.06571811473984,400
Store,0.3110196180194994,0.0016459727090392521,0.006119324771085056,0.03110294835298968,0.031656441773260886,0.3000579338047987,100.0,400
Education,0.6111050813955075,-0.010443121428882441,0.07838033566207003,0.16589587147795343,0.18318258215984956,0.4550978129723372,-634.4650413419097,400
Public Transportation,0.36112499798314673,4.9170339403801e-05,0.008371346313802592,0.04124878473117474,0.0420896574372153,0.3497385807821375,2.9873119483555435,400
Restaurant,0.2965520760360628,-0.0024933109102808827,0.005931451482235149,0.029582764039066362,0.03006834623955667,0.2888428817553554,-150.81971407638278,410
Store,0.3105792853415617,0.0016531730785659382,0.006080561651166739,0.030855523035413248,0.03140547007377635,0.298380593627257,100.0,410
Education,0.6129672668953368,-0.01057775506407406,0.0788040207110296,0.16620095418122047,0.1836326276803144,0.4563453520805707,-639.8455915607966,410
Public Transportation,0.36073402015494904,4.5716468321527385e-05,0.008355685578864201,0.04132999576791308,0.042166146867754904,0.3490378801226239,2.765377014316287,410
Restaurant,0.2955486716032666,-0.002431455971290607,0.0058512774937716115,0.02925673773061935,0.02973688236528906,0.2873469577753153,-146.58340998728374,420
Store,0.3101620417035306,0.0016587524955938317,0.006042788770226725,0.030612561105767343,0.0311591516850873,0.2967396925676539,100.0,420
Education,0.6155226551236906,-0.010723151745054631,0.07933340613299263,0.1663710437624734,0.18400578128941963,0.45745195371689024,-646.4588161005753,420
Public Transportation,0.36036552001199085,4.3066639400898965e-05,0.008339312862945902,0.04140834702164595,0.04223971457474258,0.3483596252974575,2.5963270298189456,420
Restaurant,0.29459707123283285,-0.0023707339881704854,0.005771621336592252,0.02891303952920601,0.029388009255949435,0.2858897800564491,-142.32006021252076,430
Store,0.30964379952714366,0.0016657764089126753,0.0060039470150982975,0.03037341233253002,0.03091628608739259,0.29513425602397053,100.0,430
Education,0.6168410326134921,-0.010800244935513008,0.07954466701313051,0.1664377214364815,0.18415271889529777,0.4584071618389785,-648.3610211866787,430
Public Transportation,0.3600577261166953,4.226378962139666e-05,0.008326445341624208,0.04148388632496265,0.04231123645583482,0.34770366959843263,2.5371826251870186,430
Restaurant,0.2936835079755535,-0.0023101010779150648,0.0056906417466520125,0.02854682101157681,0.02901668186346533,0.28446973410701115,-138.02214089831796,440
Store,0.30903834080557135,0.0016737177549049434,0.005963169147920175,0.030133834223401913,0.030672561356481,0.29356296574556445,100.0,440
Education,0.6202463897810072,-0.010846415093318603,0.07980390452396773,0.16609841526846586,0.18395570665676483,0.4592828220138891,-648.0432594762437,440
Public Transportation,0.3598191199663567,4.295735148503187e-05,0.008316055190111218,0.04155715576960436,0.04238103495963838,0.3470664044168329,2.5665827681604285,440
Restaurant,0.29279303705734605,-0.0022621132382427606,0.0056242650245823585,0.028268326457861873,0.028733490590117323,0.28308445494210904,-134.58706926045394,450
Store,0.3084248671398547,0.00168078051678583,0.00592162790268955,0.02989448310469459,0.030428946317103637,0.2920260757856412,100.0,450
Education,0.6285102281492148,-0.009137230384660022,0.08171744226915163,0.16698806485095663,0.1856859316011234,0.46001703583923853,-543.6301940323071,450
Public Transportation,0.3596222948677325,4.527993450942766e-05,0.008305812061840489,0.04162609805543981,0.04244663123329384,0.3464449625052353,2.693982590660727,450
Restaurant,0.2919192301977002,-0.002229258044157584,0.005572208886902926,0.02810593119443434,0.02856612134606509,0.2817317522160189,-168.41680540132757,460
Store,0.30779527622991504,0.0013236553435658574,0.005515874836904955,0.027481385525383355,0.027998202837728723,0.2905229862869694,100.0,460
Education,0.634228813674544,-0.009395040261667235,0.08214459146614235,0.16566235094752077,0.18467127997358065,0.4604659148810845,-709.7799519592082,460
Public Transportation,0.3594270192902322,4.849196296184127e-05,0.008294086535580954,0.041693500397491444,0.0425104398399364,0.3458405052624659,3.6634886262164357,460
Restaurant,0.2910550661360483,-0.0021929278625821857,0.005523894898528447,0.02796962773409339,0.028425420978822204,0.2804118727704735,-164.53711190795963,470
Store,0.3071519171694784,0.0013327861642599434,0.005477394097026927,0.027285062799238587,0.02779748512173172,0.28905022147169374,100.0,470
Education,0.6324154819550524,-0.009365726012389712,0.0815011775279374,0.16566959208660173,0.1843939772792003,0.4607958074442228,-702.7178300271613,470
Public Transportation,0.3592425983754483,5.056191779801218e-05,0.008286549862534838,0.041759166964649506,0.04257337639532739,0.3452498177260853,3.7937006816159218,470
Restaurant,0.29020704023470256,-0.002119441196763808,0.005515543649339588,0.02812011129267168,0.02857743602693341,0.27912572065430163,-158.43665736547345,480
Store,0.30657900276270256,0.0013377214793637,0.005440365963949327,0.027093553300387745,0.02760196937731616,0.28760509924098304,100.0,480
Education,0.6334730752855604,-0.009547753050496394,0.08147260629932362,0.1652188342000099,0.1839670871740423,0.461348328393516,-713.7325069369354,480
Public Transportation,0.3590865475556269,5.0675994378918784e-05,0.008283378226581876,0.041814185362367445,0.042626727346896195,0.34466621173072237,3.7882320917074086,480
Restaurant,0.289382830832269,-0.002102669356814762,0.005453134996805036,0.02787285589903453,0.028323339471849642,0.27787141409371047,-156.78801615235477,490
Store,0.3060445644469016,0.0013410906065496398,0.005403670007612428,0.026905112883047384,0.027409600959986933,0.286186782765835,100.0,490
Education,0.6338376696194353,-0.009689783809306724,0.0813525068820782,0.16498366566042377,0.18369525960263092,0.4620870792364957,-722.5301379327842,490
Public Transportation,0.3589562402918261,5.0060034397874094e-05,0.008279219059884465,0.04185777545426095,0.04266868088204556,0.3440883452751869,3.7327854026707885,490
Restaurant,0.2885853363746316,-0.002074290696356019,0.005409110994394222,0.0277307718453849,0.02817714511794052,0.2766469990997332,-154.30388111185965,500
Store,0.30556316495095426,0.0013442893862483612,0.005368340351696565,0.026725683506686866,0.02722634979348624,0.28479501368674565,100.0,500
Education,0.6338479724016507,-0.009792421327388624,0.08121853056038687,0.16489469956204458,0.18355059284729197,0.46295692366102414,-728.4459304344642,500
Public Transportation,0.3588457813618676,4.9519440728849085e-05,0.008273998669038368,0.041890630968699986,0.042699901226537336,0.3435164304641364,3.6836890356657346,500
